702459.6.peg.1633,702459.6.peg.277,702459.6.peg.297
702459.6.peg.1807,702459.6.peg.277,702459.6.peg.297
702459.6.peg.1808,702459.6.peg.277,702459.6.peg.297
702459.6.peg.1257,702459.6.peg.399,702459.6.peg.400
702459.6.peg.572,702459.6.peg.1192,702459.6.peg.1193
702459.6.peg.572,702459.6.peg.1382,702459.6.peg.782
702459.6.peg.230,702459.6.peg.427,702459.6.peg.983
702459.6.peg.230,702459.6.peg.427,702459.6.peg.984
702459.6.peg.147,702459.6.peg.277,702459.6.peg.297
702459.6.peg.277,702459.6.peg.297,702459.6.peg.1084
702459.6.peg.1570,702459.6.peg.1044,702459.6.peg.1586
702459.6.peg.430,702459.6.peg.1582,702459.6.peg.771
702459.6.peg.257,702459.6.peg.875,702459.6.peg.1888
702459.6.peg.257,702459.6.peg.1077,702459.6.peg.1888
702459.6.peg.1728,702459.6.peg.875,702459.6.peg.1888
702459.6.peg.1728,702459.6.peg.1077,702459.6.peg.1888
702459.6.peg.1192,702459.6.peg.1193,702459.6.peg.780
702459.6.peg.1192,702459.6.peg.1193,702459.6.peg.781
702459.6.peg.1568,702459.6.peg.1044,702459.6.peg.1586
702459.6.peg.399,702459.6.peg.400,702459.6.peg.1273
702459.6.peg.53,702459.6.peg.742,702459.6.peg.88
702459.6.peg.1447,702459.6.peg.291,702459.6.peg.931
