518635.5.peg.1311,518635.5.peg.960
518635.5.peg.1312,518635.5.peg.960
518635.5.peg.1247,518635.7.peg.1137
518635.5.peg.1432,518635.5.peg.1596
518635.5.peg.1432,518635.5.peg.1597
518635.5.peg.1432,518635.5.peg.1598
518635.5.peg.1432,518635.5.peg.1599
518635.5.peg.1432,518635.5.peg.1600
518635.5.peg.1433,518635.5.peg.1596
518635.5.peg.1433,518635.5.peg.1597
518635.5.peg.1433,518635.5.peg.1598
518635.5.peg.1433,518635.5.peg.1599
518635.5.peg.1433,518635.5.peg.1600
518635.5.peg.1245,518635.5.peg.913
518635.5.peg.299,518635.5.peg.58
518635.5.peg.960,518635.5.peg.601
518635.5.peg.960,518635.5.peg.269
518635.5.peg.960,518635.5.peg.964
518635.5.peg.960,518635.5.peg.1293
518635.5.peg.960,518635.5.peg.1302
518635.5.peg.960,518635.5.peg.1304
518635.5.peg.960,518635.5.peg.1303
518635.5.peg.960,518635.5.peg.1294
518635.5.peg.960,518635.5.peg.1295
518635.5.peg.601,518635.5.peg.1241
518635.5.peg.767,518635.5.peg.58
518635.5.peg.986,518635.5.peg.58
518635.5.peg.282,518635.5.peg.433
518635.5.peg.1288,518635.5.peg.1231
518635.5.peg.1288,518635.5.peg.1232
518635.5.peg.1288,518635.5.peg.1161
518635.5.peg.1288,518635.5.peg.1162
518635.5.peg.1288,518635.5.peg.1163
518635.5.peg.1288,518635.5.peg.1493
518635.5.peg.1022,518635.5.peg.58
518635.5.peg.1017,518635.5.peg.914
518635.5.peg.552,518635.5.peg.1596
518635.5.peg.552,518635.5.peg.1597
518635.5.peg.552,518635.5.peg.1598
518635.5.peg.552,518635.5.peg.1599
518635.5.peg.552,518635.5.peg.1600
518635.5.peg.1021,518635.5.peg.58
518635.5.peg.1020,518635.5.peg.58
518635.5.peg.1051,518635.5.peg.1313
518635.5.peg.704,518635.5.peg.1212
518635.5.peg.1109,518635.5.peg.1474
518635.5.peg.1109,518635.5.peg.1475
518635.5.peg.985,518635.5.peg.58
518635.5.peg.922,518635.5.peg.1596
518635.5.peg.922,518635.5.peg.1597
518635.5.peg.922,518635.5.peg.1598
518635.5.peg.922,518635.5.peg.1599
518635.5.peg.922,518635.5.peg.1600
518635.5.peg.1231,518635.5.peg.1161
518635.5.peg.1231,518635.5.peg.1162
518635.5.peg.1231,518635.5.peg.1163
518635.5.peg.1231,518635.5.peg.1493
518635.5.peg.1232,518635.5.peg.1161
518635.5.peg.1232,518635.5.peg.1162
518635.5.peg.1232,518635.5.peg.1163
518635.5.peg.1232,518635.5.peg.1493
518635.5.peg.1441,518635.5.peg.718
518635.5.peg.1441,518635.5.peg.716
518635.5.peg.130,518635.5.peg.2
518635.5.peg.235,518635.5.peg.638
518635.5.peg.58,518635.5.peg.634
518635.5.peg.58,518635.5.peg.1145
518635.5.peg.58,518635.5.peg.885
518635.5.peg.58,518635.5.peg.984
518635.5.peg.1131,518635.5.peg.60
518635.5.peg.1611,518635.5.peg.644
518635.5.peg.426,518635.5.peg.506
518635.5.peg.268,518635.5.peg.848
