206672.9.peg.770,206672.9.peg.570,206672.9.peg.779
206672.9.peg.1033,206672.9.peg.1768,206672.9.peg.413
206672.9.peg.1033,206672.9.peg.1769,206672.9.peg.413
206672.9.peg.1033,206672.9.peg.1770,206672.9.peg.413
206672.9.peg.1033,206672.9.peg.1771,206672.9.peg.413
206672.9.peg.1033,206672.9.peg.1772,206672.9.peg.413
206672.9.peg.1034,206672.9.peg.1768,206672.9.peg.413
206672.9.peg.1034,206672.9.peg.1769,206672.9.peg.413
206672.9.peg.1034,206672.9.peg.1770,206672.9.peg.413
206672.9.peg.1034,206672.9.peg.1771,206672.9.peg.413
206672.9.peg.1034,206672.9.peg.1772,206672.9.peg.413
206672.9.peg.1007,206672.9.peg.1330,206672.9.peg.1452
206672.9.peg.1841,206672.9.peg.1768,206672.9.peg.413
206672.9.peg.1841,206672.9.peg.1769,206672.9.peg.413
206672.9.peg.1841,206672.9.peg.1770,206672.9.peg.413
206672.9.peg.1841,206672.9.peg.1771,206672.9.peg.413
206672.9.peg.1841,206672.9.peg.1772,206672.9.peg.413
206672.9.peg.1552,206672.9.peg.490,206672.9.peg.929
206672.9.peg.1552,206672.9.peg.491,206672.9.peg.929
206672.9.peg.38,206672.9.peg.1678,206672.9.peg.414
206672.9.peg.38,206672.9.peg.1678,206672.9.peg.415
206672.9.peg.662,206672.9.peg.1452,206672.9.peg.415
206672.9.peg.1294,206672.9.peg.1023,206672.9.peg.407
206672.9.peg.1221,206672.9.peg.1736,206672.9.peg.695
206672.9.peg.1221,206672.9.peg.1601,206672.9.peg.695
206672.9.peg.546,206672.9.peg.1768,206672.9.peg.413
206672.9.peg.546,206672.9.peg.1769,206672.9.peg.413
206672.9.peg.546,206672.9.peg.1770,206672.9.peg.413
206672.9.peg.546,206672.9.peg.1771,206672.9.peg.413
206672.9.peg.546,206672.9.peg.1772,206672.9.peg.413
