537937.5.peg.582,537937.5.peg.1733
537937.5.peg.1649,537937.5.peg.1936
537937.5.peg.1649,537937.5.peg.538
537937.5.peg.1460,537937.5.peg.1733
537937.5.peg.1562,537937.5.peg.1733
537937.5.peg.333,537937.5.peg.487
537937.5.peg.333,537937.5.peg.488
537937.5.peg.18,537937.5.peg.414
537937.5.peg.1353,537937.5.peg.26
537937.5.peg.1353,537937.5.peg.27
537937.5.peg.1353,537937.5.peg.766
537937.5.peg.1353,537937.5.peg.767
537937.5.peg.1084,537937.5.peg.1733
537937.5.peg.315,537937.5.peg.1733
537937.5.peg.317,537937.5.peg.1733
537937.5.peg.1086,537937.5.peg.1733
537937.5.peg.1087,537937.5.peg.1733
537937.5.peg.1019,537937.5.peg.132
537937.5.peg.1019,537937.5.peg.133
537937.5.peg.472,537937.5.peg.16
537937.5.peg.207,537937.5.peg.1657
537937.5.peg.16,537937.5.peg.769
537937.5.peg.296,537937.5.peg.991
537937.5.peg.882,537937.5.peg.1733
537937.5.peg.26,537937.5.peg.766
537937.5.peg.26,537937.5.peg.767
537937.5.peg.27,537937.5.peg.766
537937.5.peg.27,537937.5.peg.767
537937.5.peg.279,537937.5.peg.1416
537937.5.peg.279,537937.5.peg.1414
537937.5.peg.1733,537937.5.peg.1343
537937.5.peg.1733,537937.5.peg.978
537937.5.peg.1733,537937.5.peg.1578
537937.5.peg.1733,537937.5.peg.883
537937.5.peg.308,537937.5.peg.1051
537937.5.peg.309,537937.5.peg.1051
537937.5.peg.310,537937.5.peg.1051
537937.5.peg.311,537937.5.peg.1051
537937.5.peg.1051,537937.5.peg.389
537937.5.peg.423,537937.5.peg.984
537937.5.peg.660,537937.5.peg.1307
537937.5.peg.661,537937.5.peg.1307
537937.5.peg.662,537937.5.peg.1307
537937.5.peg.1180,537937.5.peg.1207
537937.5.peg.1006,537937.5.peg.537
