537937.5.peg.116,537937.5.peg.1649,537937.5.peg.1217
537937.5.peg.116,537937.5.peg.1649,537937.5.peg.1772
537937.5.peg.117,537937.5.peg.1649,537937.5.peg.1217
537937.5.peg.117,537937.5.peg.1649,537937.5.peg.1772
537937.5.peg.290,537937.5.peg.1268,537937.5.peg.1588
537937.5.peg.290,537937.5.peg.1269,537937.5.peg.1588
537937.5.peg.290,537937.5.peg.1270,537937.5.peg.1588
537937.5.peg.290,537937.5.peg.1271,537937.5.peg.1588
537937.5.peg.290,537937.5.peg.1272,537937.5.peg.1588
537937.5.peg.291,537937.5.peg.1268,537937.5.peg.1588
537937.5.peg.291,537937.5.peg.1269,537937.5.peg.1588
537937.5.peg.291,537937.5.peg.1270,537937.5.peg.1588
537937.5.peg.291,537937.5.peg.1271,537937.5.peg.1588
537937.5.peg.291,537937.5.peg.1272,537937.5.peg.1588
537937.5.peg.1649,537937.5.peg.1653,537937.5.peg.1217
537937.5.peg.1649,537937.5.peg.1653,537937.5.peg.1772
537937.5.peg.1649,537937.5.peg.89,537937.5.peg.1217
537937.5.peg.1649,537937.5.peg.89,537937.5.peg.1772
537937.5.peg.1649,537937.5.peg.108,537937.5.peg.1217
537937.5.peg.1649,537937.5.peg.108,537937.5.peg.1772
537937.5.peg.1649,537937.5.peg.1217,537937.5.peg.602
537937.5.peg.1649,537937.5.peg.1217,537937.5.peg.110
537937.5.peg.1649,537937.5.peg.1217,537937.5.peg.109
537937.5.peg.1649,537937.5.peg.1217,537937.5.peg.91
537937.5.peg.1649,537937.5.peg.1217,537937.5.peg.92
537937.5.peg.1649,537937.5.peg.602,537937.5.peg.1772
537937.5.peg.1649,537937.5.peg.1772,537937.5.peg.110
537937.5.peg.1649,537937.5.peg.1772,537937.5.peg.109
537937.5.peg.1649,537937.5.peg.1772,537937.5.peg.91
537937.5.peg.1649,537937.5.peg.1772,537937.5.peg.92
537937.5.peg.1653,537937.5.peg.1217,537937.5.peg.1069
537937.5.peg.1353,537937.5.peg.113,537937.5.peg.768
537937.5.peg.1923,537937.5.peg.1268,537937.5.peg.1588
537937.5.peg.1923,537937.5.peg.1269,537937.5.peg.1588
537937.5.peg.1923,537937.5.peg.1270,537937.5.peg.1588
537937.5.peg.1923,537937.5.peg.1271,537937.5.peg.1588
537937.5.peg.1923,537937.5.peg.1272,537937.5.peg.1588
537937.5.peg.1986,537937.5.peg.1400,537937.5.peg.1159
537937.5.peg.1986,537937.5.peg.1159,537937.5.peg.1589
537937.5.peg.1986,537937.5.peg.1159,537937.5.peg.1590
537937.5.peg.993,537937.5.peg.1733,537937.5.peg.1590
537937.5.peg.539,537937.5.peg.279,537937.5.peg.1582
537937.5.peg.1111,537937.5.peg.1268,537937.5.peg.1588
537937.5.peg.1111,537937.5.peg.1269,537937.5.peg.1588
537937.5.peg.1111,537937.5.peg.1270,537937.5.peg.1588
537937.5.peg.1111,537937.5.peg.1271,537937.5.peg.1588
537937.5.peg.1111,537937.5.peg.1272,537937.5.peg.1588
537937.5.peg.26,537937.5.peg.113,537937.5.peg.768
537937.5.peg.27,537937.5.peg.113,537937.5.peg.768
