ACALD,HSK
ACALD,THRS
ACKr,ACtr
ACOAAGPAT180,AGPAT180
ADK2,GLKKpppi
ASPTA,PHEt2r
CTPS1,CTPS2
DMPPS,DMPPS2r
FRD7,SUCD1
FRD7,SUCD4
GALU,GALT
GART,GARFTi
GK1,GK2
GLUOX,GLNS
HISt2r,ATPPRT
HISt2r,HISTP
HISt2r,HSTPTr
HISt2r,IG3PS
HISt2r,IGPDH
HISt2r,PRAMPC
HISt2r,PRATPP
HISt2r,PRMICI
KARA1,ALACI
KARA1,KARA3
KARA2,23DHMPO
KARA2,2AHBUTI
LARGNAT,CHORM
LEUt2r,LEUabc
METFR,r0792
MGt5,MG2abc
NADS1,NADS2
NDPK1,ADK3
NDPK2,UTPATPT
NDPK4,ADK10
OCDCAtr,OCDCAt2
PTAr,ACtr
PYDXK,PLPS
PYDXtr,PLPS
RNDR4,RNTR4
RNTR2,RNDR2
RNTR3,RNDR3
THRAr,HSK
THRAr,THRS
THRD_L,CYSDS
THRD_L,HSST
THRD_L,SHSL2
TRPt2r,ANPRT
TRPt2r,IGPS
TRPt2r,PRAI
TTDCAtr,TTDCAt2
TYRt2r,CHORM
URIDK3,DUTPDP
CYSt2r,AMPTASECG
G3PD2,G3PD1
IPDPS2,IPDPS
LARGNAT,ASPTA
NADK2,NADK
NH4tb,ALAt2r
OAASr,AKGS
RNTR1,RNDR1
SUCCt2r,AKGS
TKT1,TALA
TPI,FBA
TPI,PFK
TYRt2r,ASPTA
TYRt2r,LARGNAT
VPAMTr,VALTA
,
,
,
,
,
,
,
,
,
,
,
,
,
,
,
,
,
,
,
,
,
,
,
,
,
,
,
,
,
,
,
,
,
,
,
,
,
,
,
,
,
,
,
,
,
,
,
,
,
,
,
,
,
,
,
,
,
,
,
,
,
,
,
,
,
,
,
,
,
,
,
,
,
,
,
,
,
,
,
,
,
,
,
,
,
,
,
,
,
,
,
,
,
,
,
