547043.6.peg.1545,547043.6.peg.1547,547043.6.peg.141
547043.6.peg.1545,547043.6.peg.1547,547043.6.peg.142
547043.6.peg.1545,547043.6.peg.1547,547043.6.peg.143
547043.6.peg.1545,547043.6.peg.1547,547043.6.peg.144
547043.6.peg.1545,547043.6.peg.1547,547043.6.peg.145
547043.6.peg.404,547043.6.peg.405,547043.6.peg.141
547043.6.peg.404,547043.6.peg.405,547043.6.peg.142
547043.6.peg.404,547043.6.peg.405,547043.6.peg.143
547043.6.peg.404,547043.6.peg.405,547043.6.peg.144
547043.6.peg.404,547043.6.peg.405,547043.6.peg.145
547043.6.peg.1503,547043.6.peg.1279,547043.6.peg.1553
547043.6.peg.240,547043.6.peg.1147,547043.6.peg.30
547043.6.peg.662,547043.6.peg.1553,547043.6.peg.55
547043.6.peg.649,547043.6.peg.1034,547043.6.peg.337
547043.6.peg.94,547043.6.peg.141,547043.6.peg.1865
547043.6.peg.94,547043.6.peg.142,547043.6.peg.1865
547043.6.peg.94,547043.6.peg.143,547043.6.peg.1865
547043.6.peg.94,547043.6.peg.144,547043.6.peg.1865
547043.6.peg.94,547043.6.peg.145,547043.6.peg.1865
547043.6.peg.1611,547043.6.peg.611,547043.6.peg.251
547043.6.peg.1611,547043.6.peg.1222,547043.6.peg.251
547043.6.peg.1611,547043.6.peg.251,547043.6.peg.1232
547043.6.peg.1611,547043.6.peg.251,547043.6.peg.1233
547043.6.peg.1814,547043.6.peg.611,547043.6.peg.251
547043.6.peg.1814,547043.6.peg.1222,547043.6.peg.251
547043.6.peg.1814,547043.6.peg.251,547043.6.peg.1232
547043.6.peg.1814,547043.6.peg.251,547043.6.peg.1233
547043.6.peg.1060,547043.6.peg.1553,547043.6.peg.1233
547043.6.peg.1676,547043.6.peg.141,547043.6.peg.1865
547043.6.peg.1676,547043.6.peg.142,547043.6.peg.1865
547043.6.peg.1676,547043.6.peg.143,547043.6.peg.1865
547043.6.peg.1676,547043.6.peg.144,547043.6.peg.1865
547043.6.peg.1676,547043.6.peg.145,547043.6.peg.1865
547043.6.peg.1657,547043.6.peg.141,547043.6.peg.1865
547043.6.peg.1657,547043.6.peg.142,547043.6.peg.1865
547043.6.peg.1657,547043.6.peg.143,547043.6.peg.1865
547043.6.peg.1657,547043.6.peg.144,547043.6.peg.1865
547043.6.peg.1657,547043.6.peg.145,547043.6.peg.1865
547043.6.peg.1317,547043.6.peg.1034,547043.6.peg.337
547043.6.peg.1318,547043.6.peg.1034,547043.6.peg.337
547043.6.peg.1821,547043.6.peg.1857,547043.6.peg.1490
