6666666.58915.peg.850,6666666.58915.peg.115,205913.11.peg.19
6666666.58915.peg.1056,6666666.58915.peg.1431,6666666.58915.peg.1560
6666666.58915.peg.1102,6666666.58915.peg.141,6666666.58915.peg.948
6666666.58915.peg.156,6666666.58915.peg.1147,6666666.58915.peg.856
6666666.58915.peg.156,6666666.58915.peg.1147,6666666.58915.peg.857
6666666.58915.peg.1254,6666666.58915.peg.1398,6666666.58915.peg.822
6666666.58915.peg.193,6666666.58915.peg.830,6666666.58915.peg.831
6666666.58915.peg.193,6666666.58915.peg.782,6666666.58915.peg.921
6666666.58915.peg.1015,6666666.58915.peg.1654,6666666.58915.peg.557
6666666.58915.peg.1345,6666666.58915.peg.940,6666666.58915.peg.941
6666666.58915.peg.896,6666666.58915.peg.1147,6666666.58915.peg.856
6666666.58915.peg.896,6666666.58915.peg.1147,6666666.58915.peg.857
6666666.58915.peg.916,6666666.58915.peg.1147,6666666.58915.peg.856
6666666.58915.peg.916,6666666.58915.peg.1147,6666666.58915.peg.857
6666666.58915.peg.1732,6666666.58915.peg.1147,6666666.58915.peg.856
6666666.58915.peg.1732,6666666.58915.peg.1147,6666666.58915.peg.857
6666666.58915.peg.1664,6666666.58915.peg.619,6666666.58915.peg.1546
6666666.58915.peg.1168,6666666.58915.peg.619,6666666.58915.peg.1546
6666666.58915.peg.619,6666666.58915.peg.951,6666666.58915.peg.1546
6666666.58915.peg.830,6666666.58915.peg.831,6666666.58915.peg.783
6666666.58915.peg.830,6666666.58915.peg.831,6666666.58915.peg.784
6666666.58915.peg.940,6666666.58915.peg.941,6666666.58915.peg.711
6666666.58915.peg.918,6666666.58915.peg.1147,6666666.58915.peg.856
6666666.58915.peg.918,6666666.58915.peg.1147,6666666.58915.peg.857
6666666.58915.peg.917,6666666.58915.peg.1147,6666666.58915.peg.856
6666666.58915.peg.917,6666666.58915.peg.1147,6666666.58915.peg.857
6666666.58915.peg.899,6666666.58915.peg.1147,6666666.58915.peg.856
6666666.58915.peg.899,6666666.58915.peg.1147,6666666.58915.peg.857
6666666.58915.peg.1147,6666666.58915.peg.856,6666666.58915.peg.272
6666666.58915.peg.1147,6666666.58915.peg.856,6666666.58915.peg.841
6666666.58915.peg.1147,6666666.58915.peg.856,6666666.58915.peg.842
6666666.58915.peg.1147,6666666.58915.peg.856,6666666.58915.peg.843
6666666.58915.peg.1147,6666666.58915.peg.857,6666666.58915.peg.272
6666666.58915.peg.1147,6666666.58915.peg.857,6666666.58915.peg.841
6666666.58915.peg.1147,6666666.58915.peg.857,6666666.58915.peg.842
6666666.58915.peg.1147,6666666.58915.peg.857,6666666.58915.peg.843
6666666.58915.peg.1217,6666666.58915.peg.1260,6666666.58915.peg.1964
