367928.17.peg.182,367928.17.peg.1726,367928.6.peg.509
367928.17.peg.182,367928.17.peg.204,367928.17.peg.1583
367928.6.peg.1000,367928.17.peg.545,367928.17.peg.1022
367928.17.peg.1404,367928.17.peg.1569,367928.17.peg.55
367928.17.peg.1203,367928.17.peg.983,367928.17.peg.984
367928.17.peg.1203,367928.17.peg.305,367928.17.peg.719
367928.17.peg.1591,367928.17.peg.388,367928.17.peg.892
367928.17.peg.1591,367928.17.peg.388,367928.17.peg.891
367928.17.peg.862,367928.17.peg.1511,367928.17.peg.1512
367928.17.peg.65,367928.17.peg.204,367928.17.peg.1583
367928.17.peg.204,367928.17.peg.1583,367928.6.peg.906
367928.6.peg.684,367928.17.peg.851,367928.17.peg.388
367928.17.peg.1435,367928.17.peg.393,367928.17.peg.710
367928.6.peg.1495,367928.17.peg.799,367928.6.peg.1651
367928.17.peg.1542,367928.17.peg.799,367928.6.peg.1651
367928.17.peg.983,367928.17.peg.984,367928.17.peg.717
367928.17.peg.983,367928.17.peg.984,367928.17.peg.718
367928.6.peg.682,367928.17.peg.851,367928.17.peg.388
367928.17.peg.1111,367928.17.peg.854,367928.17.peg.859
367928.17.peg.1511,367928.17.peg.1512,367928.17.peg.641
