573236.5.peg.1418,573236.5.peg.697,573236.5.peg.783
573236.5.peg.100,573236.5.peg.1056,573236.5.peg.1485
573236.5.peg.1505,573236.5.peg.434,573236.5.peg.848
573236.5.peg.1505,573236.5.peg.434,573236.5.peg.847
573236.5.peg.1057,573236.5.peg.1411,573236.5.peg.1412
573236.5.peg.1049,573236.5.peg.803,573236.5.peg.434
573236.5.peg.303,573236.5.peg.1190,573236.5.peg.848
573236.5.peg.303,573236.5.peg.1190,573236.5.peg.847
573236.5.peg.1052,573236.5.peg.803,573236.5.peg.434
573236.5.peg.1426,573236.5.peg.905,573236.5.peg.1589
573236.5.peg.1447,573236.5.peg.905,573236.5.peg.1589
573236.5.peg.540,573236.5.peg.781,573236.5.peg.955
573236.5.peg.1093,573236.5.peg.1582,573236.5.peg.1583
573236.5.peg.1051,573236.5.peg.803,573236.5.peg.434
573236.5.peg.1126,573236.5.peg.806,573236.5.peg.836
573236.5.peg.1411,573236.5.peg.1412,573236.5.peg.1074
