566552.4.peg.1565,566552.4.peg.623
566552.4.peg.1566,566552.4.peg.623
566552.4.peg.555,566552.4.peg.1367
566552.4.peg.54,566552.4.peg.94
566552.4.peg.623,566552.4.peg.1615
566552.4.peg.623,566552.4.peg.79
566552.4.peg.623,566552.4.peg.627
566552.4.peg.623,566552.4.peg.1584
566552.4.peg.623,566552.4.peg.1571
566552.4.peg.623,566552.4.peg.40
566552.4.peg.623,566552.4.peg.1569
566552.4.peg.623,566552.4.peg.1570
566552.4.peg.623,566552.4.peg.1583
566552.4.peg.623,566552.4.peg.1582
566552.4.peg.456,566552.4.peg.94
566552.4.peg.605,566552.4.peg.94
566552.4.peg.730,566552.4.peg.1734
566552.4.peg.1595,566552.4.peg.1734
566552.4.peg.1596,566552.4.peg.1734
566552.4.peg.371,566552.4.peg.566
566552.4.peg.371,566552.4.peg.567
566552.4.peg.371,566552.4.peg.900
566552.4.peg.371,566552.4.peg.901
566552.4.peg.841,566552.4.peg.94
566552.4.peg.1395,566552.4.peg.94
566552.4.peg.1396,566552.4.peg.94
566552.4.peg.728,566552.4.peg.1734
566552.4.peg.840,566552.4.peg.94
566552.4.peg.839,566552.4.peg.94
566552.4.peg.1661,566552.4.peg.138
566552.4.peg.1661,566552.4.peg.139
566552.4.peg.1499,566552.4.peg.588
566552.4.peg.1011,566552.4.peg.631
566552.4.peg.588,566552.4.peg.897
566552.4.peg.862,566552.6.peg.1473
566552.4.peg.40,566552.4.peg.1734
566552.4.peg.606,566552.4.peg.94
566552.4.peg.566,566552.4.peg.900
566552.4.peg.566,566552.4.peg.901
566552.4.peg.567,566552.4.peg.900
566552.4.peg.567,566552.4.peg.901
566552.4.peg.1400,566552.4.peg.1701
566552.4.peg.1440,566552.4.peg.412
566552.4.peg.1440,566552.4.peg.410
566552.4.peg.724,566552.4.peg.1734
566552.4.peg.94,566552.4.peg.363
566552.4.peg.94,566552.4.peg.867
566552.4.peg.94,566552.4.peg.656
566552.4.peg.94,566552.4.peg.607
566552.4.peg.205,566552.4.peg.592
566552.4.peg.810,566552.4.peg.274
566552.4.peg.811,566552.4.peg.274
566552.4.peg.812,566552.4.peg.274
566552.4.peg.1231,566552.4.peg.80
