580050.13.peg.604,580050.13.peg.506
580050.13.peg.604,580050.13.peg.360
580050.13.peg.605,580050.13.peg.506
580050.13.peg.605,580050.13.peg.360
580050.13.peg.1113,580050.13.peg.254
580050.13.peg.738,580050.13.peg.640
580050.13.peg.738,580050.13.peg.641
580050.13.peg.82,580050.13.peg.161
580050.13.peg.822,580050.13.peg.506
580050.13.peg.822,580050.13.peg.360
580050.13.peg.1201,580050.13.peg.1293
580050.13.peg.1115,580050.13.peg.161
580050.13.peg.794,580050.13.peg.161
580050.13.peg.740,580050.13.peg.640
580050.13.peg.740,580050.13.peg.641
580050.13.peg.1041,580050.13.peg.218
580050.13.peg.1041,580050.13.peg.219
580050.13.peg.141,580050.13.peg.324
580050.13.peg.640,580050.13.peg.1290
580050.13.peg.641,580050.13.peg.1290
580050.13.peg.444,580050.13.peg.576
580050.13.peg.1421,580050.13.peg.1276
580050.13.peg.350,580050.13.peg.352
580050.13.peg.977,580050.13.peg.845
580050.13.peg.127,580050.13.peg.853
580050.13.peg.1360,580050.13.peg.818
580050.13.peg.627,580050.13.peg.506
580050.13.peg.627,580050.13.peg.360
580050.13.peg.611,580050.13.peg.506
580050.13.peg.611,580050.13.peg.360
580050.13.peg.506,580050.13.peg.609
580050.13.peg.506,580050.13.peg.610
580050.13.peg.506,580050.13.peg.626
580050.13.peg.506,580050.13.peg.625
580050.13.peg.360,580050.13.peg.609
580050.13.peg.360,580050.13.peg.610
580050.13.peg.360,580050.13.peg.626
580050.13.peg.360,580050.13.peg.625
580050.13.peg.798,580050.13.peg.161
580050.13.peg.748,580050.13.peg.749
580050.13.peg.883,580050.3.peg.636
580050.13.peg.1365,580050.13.peg.224
580050.13.peg.161,580050.13.peg.1229
580050.13.peg.161,580050.3.peg.794
580050.13.peg.1499,580050.13.peg.757
580050.13.peg.337,580050.13.peg.1323
580050.13.peg.338,580050.13.peg.1323
580050.13.peg.339,580050.13.peg.1323
580050.13.peg.846,580050.13.peg.845
580050.13.peg.1387,580050.13.peg.1407
580050.13.peg.361,580050.13.peg.995
580050.13.peg.1236,580050.13.peg.1288
580050.13.peg.1496,580050.13.peg.544
580050.13.peg.517,580050.13.peg.532
